{"cameraMode":{"drawMode":0,"name":"Shaded","section":"Shading Mode"},"sceneLighting":true,"audioPlay":false,"sceneViewState":{"m_AlwaysRefresh":false,"showFog":true,"showSkybox":true,"showFlares":true,"showImageEffects":true,"showParticleSystems":true,"showVisualEffectGraphs":true,"m_FxEnabled":false},"in2DMode":false,"pivot":{"x":0.050958871841430667,"y":1.6401728391647339,"z":-7.060934066772461},"rotation":{"x":-0.34373509883880618,"y":-0.023944906890392305,"z":0.00876783300191164,"w":-0.9387227892875671},"size":0.9938067197799683,"orthographic":false}