{"cameraMode":{"drawMode":0,"name":"Shaded","section":"Shading Mode"},"sceneLighting":false,"audioPlay":false,"sceneViewState":{"m_AlwaysRefresh":false,"showFog":true,"showSkybox":false,"showFlares":true,"showImageEffects":true,"showParticleSystems":true,"showVisualEffectGraphs":true,"m_FxEnabled":false},"in2DMode":false,"pivot":{"x":0.2764365077018738,"y":0.5117583274841309,"z":-3.7398414611816408},"rotation":{"x":-0.34373509883880618,"y":-0.023944906890392305,"z":0.00876783300191164,"w":-0.9387227892875671},"size":0.942156970500946,"orthographic":false}